{"cameraMode":{"drawMode":0,"name":"Shaded","section":"Shading Mode"},"sceneLighting":true,"audioPlay":false,"sceneViewState":{"showFog":true,"showMaterialUpdate":false,"showSkybox":true,"showFlares":true,"showImageEffects":true,"showParticleSystems":true,"showVisualEffectGraphs":true,"m_FxEnabled":false},"in2DMode":false,"pivot":{"x":-11.667810440063477,"y":-3.9223694801330568,"z":21.92476463317871},"rotation":{"x":-0.26008841395378115,"y":-0.09050798416137696,"z":0.024486614391207696,"w":-0.9610005021095276},"size":15.274008750915528,"orthographic":false}