{"cameraMode":{"drawMode":0,"name":"Shaded","section":"Shading Mode"},"sceneLighting":true,"audioPlay":false,"sceneViewState":{"showFog":true,"showMaterialUpdate":false,"showSkybox":true,"showFlares":true,"showImageEffects":true,"showParticleSystems":true,"showVisualEffectGraphs":true,"m_FxEnabled":false},"in2DMode":false,"pivot":{"x":-21.827438354492189,"y":5.906095504760742,"z":25.584903717041017},"rotation":{"x":-0.09132745862007141,"y":0.0871148630976677,"z":-0.008033801801502705,"w":-0.9919509887695313},"size":15.274008750915528,"orthographic":false}